candidate_id_number,name_of_tfi_recruiter,region,initial_likelihood_of_joining_the_fellowship_scale_of_15_with_5_being_extremely_high_likelihood_at_time_of_receiving_the_offer,factor_that_led_to_declining_the_offer,instead_of_the_fellowship_ill_be_doing,how_did_chatting_with_a_recruiter_over_phone_call_impact_your_motivation_to_join_the_fellowship,how_did_exchanging_emails_with_the_recruitment_team_impact_your_motivation_to_join_the_fellowship,how_did_attending_any_of_the_recruitment_events_impact_your_motivation_to_join_the_fellowship,how_did_meeting_during_the_group_interview_stage_impact_your_motivation_to_join_the_fellowship
1001001,Harry,India - East,5.0,,,Increased your motivation to join,,,Increased your motivation to join
1001002,Harry,India - East,5.0,Others,I am not sure yet,Increased your motivation to join,Increased your motivation to join,,Increased your motivation to join
1001003,Harry,India - East,5.0,Availability of alternate opportunity to pursue higher studies,Pursue further education,Increased your motivation to join,,Increased your motivation to join,Increased your motivation to join
1001004,Harry,India - East,5.0,Medical concerns (for self or family),Continue working with the same organisation,Increased your motivation to join,,,Increased your motivation to join
1001005,Harry,India - East,4.0,Lack of support from family; Relocation concerns,I am not sure yet,Increased your motivation to join,Increased your motivation to join,,Increased your motivation to join
1001006,Harry,India - East,2.0,Inability to leave current job due to professional commitments,Continue working with the same organisation,Increased your motivation to join,Increased your motivation to join,,Increased your motivation to join
1001007,Harry,India - East,5.0,Lack of support from family; Relocation concerns,Pursue further education,Increased your motivation to join,,,Increased your motivation to join
1001008,Harry,India - East,4.0,Concerned about expected stipend; Lack of support from family,Pursue further education,Increased your motivation to join,,Increased your motivation to join,Increased your motivation to join
1001009,Harry,India - East,3.0,Others,Pursue further education,Increased your motivation to join,,,Increased your motivation to join
1001010,Ron,India - East,5.0,Concerned about expected stipend; Lack of support from family; Relocation concerns,Work with another organisation in the same industry,Increased your motivation to join,Increased your motivation to join,,Increased your motivation to join
1001011,Ron,India - East,5.0,Inability to leave current job due to professional commitments; Concerned about financial commitments,Continue working with the same organisation,Increased your motivation to join,Increased your motivation to join,,Increased your motivation to join
1001012,Ron,India - East,5.0,Lack of support from family; Medical concerns (for self or family),Continue working with the same organisation,Increased your motivation to join,Increased your motivation to join,,Increased your motivation to join
1001013,Ron,India - East,4.0,Inability to leave current job due to professional commitments; Concerned about financial commitments,Continue working with the same organisation,Increased your motivation to join,Increased your motivation to join,,Increased your motivation to join
1001014,Ron,India - East,5.0,Concerned about financial commitments; Lack of support from family,Continue working with the same organisation,Increased your motivation to join,Increased your motivation to join,,Increased your motivation to join
1001015,Ron,India - East,3.0,Inability to leave current job due to professional commitments,Continue working with the same organisation,Increased your motivation to join,,,Increased your motivation to join
1001016,Ron,India - East,4.0,Concerned about expected stipend,Continue working with the same organisation,Increased your motivation to join,Increased your motivation to join,,Increased your motivation to join
1001017,Ron,India - East,4.0,Lack of support from family,Continue working with the same organisation,Increased your motivation to join,,,Increased your motivation to join
1001018,Ron,India - East,5.0,Medical concerns (for self or family),I am not sure yet,Increased your motivation to join,,,Increased your motivation to join
1001019,Ron,India - East,5.0,Job opportunity in another organization,I plan to pursue other personal activities,Increased your motivation to join,Increased your motivation to join,,Increased your motivation to join
1001020,Ron,India - East,5.0,Medical concerns (for self or family); Relocation concerns,Explore other opportunities within the education sector,Increased your motivation to join,Increased your motivation to join,,Increased your motivation to join
1001021,Ron,India - East,3.0,Relocation concerns,Continue working with the same organisation,Increased your motivation to join,Increased your motivation to join,,Increased your motivation to join
1001022,Ron,India - East,5.0,Availability of alternate opportunity to pursue higher studies; Lack of support from family; Medical concerns (for self or family),Pursue further education,Increased your motivation to join,,,Increased your motivation to join
1001023,Hermione,India - North,3.0,Medical concerns (for self or family); Relocation concerns,I plan to pursue other personal activities,Increased your motivation to join,Increased your motivation to join,,Increased your motivation to join
1001024,Hermione,India - North,4.0,Concerned about financial commitments,Continue working with the same organisation,Increased your motivation to join,,,Increased your motivation to join
1001025,Hermione,India - North,5.0,Concerned about financial commitments,Continue working with the same organisation,Increased your motivation to join,Increased your motivation to join,,Increased your motivation to join
1001026,Hermione,India - North,5.0,Relocation concerns,I am not sure yet,Increased your motivation to join,Increased your motivation to join,,Increased your motivation to join
1001027,Hermione,India - North,2.0,Availability of alternate opportunity to pursue higher studies,Pursue further education,Increased your motivation to join,,,Increased your motivation to join
1001028,Hermione,India - North,5.0,Inability to leave current job due to professional commitments; Concerned about financial commitments; Concerned about expected stipend; Relocation concerns,Continue working with the same organisation,Increased your motivation to join,Increased your motivation to join,,Increased your motivation to join
1001029,Hermione,India - North,5.0,Availability of alternate opportunity to pursue higher studies,Pursue further education,Increased your motivation to join,Increased your motivation to join,,Increased your motivation to join
1001030,Hermione,India - North,5.0,Concerned about financial commitments,Continue working with the same organisation,Increased your motivation to join,Increased your motivation to join,,Increased your motivation to join
1001031,Hermione,India - North,4.0,Availability of alternate opportunity to pursue higher studies,Pursue further education,Increased your motivation to join,Increased your motivation to join,,Increased your motivation to join
1001032,Hermione,India - North,5.0,Job opportunity in another organization,Others,Increased your motivation to join,Increased your motivation to join,,Increased your motivation to join
1001033,Hagrid,India - North,5.0,Lack of support from family; Medical concerns (for self or family),Pursue further education; I plan to pursue other personal activities,Did not have an impact on your motivation to join,,,Increased your motivation to join
1001034,Hagrid,India - North,3.0,Concerned about expected stipend,Others,Increased your motivation to join,Did not have an impact on your motivation to join,,Increased your motivation to join
1001035,Hagrid,India - North,4.0,Availability of alternate opportunity to pursue higher studies,Pursue further education,Increased your motivation to join,,,Increased your motivation to join
1001036,Hagrid,India - North,4.0,Inability to join on Institute start date,Pursue further education,Increased your motivation to join,,,Increased your motivation to join
1001037,Hagrid,India - North,4.0,Availability of alternate opportunity to pursue higher studies,Pursue further education,Did not have an impact on your motivation to join,Increased your motivation to join,,Increased your motivation to join
1001038,Hagrid,India - North,3.0,Availability of alternate opportunity to pursue higher studies,Pursue further education,Increased your motivation to join,Increased your motivation to join,,Increased your motivation to join
1001039,Hagrid,India - North,4.0,Different expectations of the Fellowship program,Pursue further education,Increased your motivation to join,,,Increased your motivation to join
1001040,Hagrid,India - North,5.0,Concerned about financial commitments; Concerned about expected stipend; Lack of support from family,Work with another organisation in the same industry,Increased your motivation to join,,,Increased your motivation to join
1001041,Hagrid,India - North,4.0,Availability of alternate opportunity to pursue higher studies,Pursue further education,Increased your motivation to join,,,Increased your motivation to join
1001042,Hagrid,India - North,5.0,Inability to join on Institute start date,Explore other opportunities within the education sector,Did not have an impact on your motivation to join,,,Increased your motivation to join
1001043,Hagrid,India - North,2.0,Availability of alternate opportunity to pursue higher studies,Pursue further education,Did not have an impact on your motivation to join,,,Increased your motivation to join
1001044,Hagrid,India - North,5.0,Availability of alternate opportunity to pursue higher studies,Pursue further education,Did not have an impact on your motivation to join,,,Increased your motivation to join
1001045,Hagrid,India - North,3.0,Availability of alternate opportunity to pursue higher studies,Pursue further education,Did not have an impact on your motivation to join,,,Increased your motivation to join
1001046,Hagrid,India - North,5.0,Lack of support from family,I am not sure yet,Increased your motivation to join,,,Increased your motivation to join
1001047,Hagrid,India - North,5.0,Availability of alternate opportunity to pursue higher studies,Pursue further education,Increased your motivation to join,,,Increased your motivation to join
1001048,Hagrid,India - North,2.0,,,Increased your motivation to join,,,Increased your motivation to join
1001049,Dobby,India - North,4.0,Inability to leave current job due to professional commitments; Concerned about financial commitments,Continue working with the same organisation,Increased your motivation to join,,,Increased your motivation to join
1001050,Dobby,India - North,5.0,Concerned about financial commitments; Concerned about expected stipend,Continue working with the same organisation,Increased your motivation to join,Increased your motivation to join,,Increased your motivation to join
1001051,Dobby,India - North,3.0,Availability of alternate opportunity to pursue higher studies,Pursue further education,Increased your motivation to join,Increased your motivation to join,,Increased your motivation to join
1001052,Dobby,India - North,5.0,Concerned about financial commitments,Continue working with the same organisation,Increased your motivation to join,,,Increased your motivation to join
1001053,Dobby,India - North,3.0,Availability of alternate opportunity to pursue higher studies,Pursue further education,Increased your motivation to join,,,Increased your motivation to join
1001054,Fred,India - North,4.0,Availability of alternate opportunity to pursue higher studies,Pursue further education,Increased your motivation to join,Increased your motivation to join,,
1001055,Fred,India - North,5.0,Availability of alternate opportunity to pursue higher studies,Pursue further education,Increased your motivation to join,,,Did not have an impact on your motivation to join
1001056,Fred,India - North,3.0,Availability of alternate opportunity to pursue higher studies,Explore other opportunities within the education sector,Increased your motivation to join,,,Increased your motivation to join
1001057,Fred,India - North,4.0,Inability to leave current job due to professional commitments,Continue working with the same organisation,Increased your motivation to join,Increased your motivation to join,,Increased your motivation to join
1001058,Fred,India - North,2.0,Inability to leave current job due to professional commitments; Concerned about financial commitments,Continue working with the same organisation,Increased your motivation to join,Increased your motivation to join,,Increased your motivation to join
1001059,Fred,India - North,3.0,Inability to leave current job due to professional commitments; Concerned about financial commitments,Continue working with the same organisation,Increased your motivation to join,,,Increased your motivation to join
1001060,Fred,India - North,4.0,Inability to leave current job due to professional commitments,Continue working with the same organisation,Increased your motivation to join,,,Increased your motivation to join
1001061,Fred,India - North,5.0,Relocation concerns,I plan to pursue other personal activities,Increased your motivation to join,Increased your motivation to join,,Increased your motivation to join
1001062,Fred,India - North,5.0,Lack of support from family; Relocation concerns,I am not sure yet,Increased your motivation to join,Increased your motivation to join,,Increased your motivation to join
1001063,Fred,India - North,3.0,Lack of support from family; Relocation concerns,Continue working with the same organisation,Increased your motivation to join,Increased your motivation to join,,Increased your motivation to join
1001064,Fred,India - North,3.0,Inability to leave current job due to professional commitments; Concerned about financial commitments,Continue working with the same organisation,Increased your motivation to join,Increased your motivation to join,,Increased your motivation to join
1001065,Fred,India - North,5.0,Concerned about expected stipend; Others,Work with another organisation in the same industry; I am not sure yet,Did not have an impact on your motivation to join,,,Increased your motivation to join
1001066,George,India - North,5.0,Lack of support from family; Medical concerns (for self or family); Relocation concerns,I am not sure yet,Increased your motivation to join,Decreased your motivation to join,,Increased your motivation to join
1001067,George,India - North,5.0,Relocation concerns; Others,,Did not have an impact on your motivation to join,Did not have an impact on your motivation to join,,Did not have an impact on your motivation to join
1001068,George,India - North,4.0,Availability of alternate opportunity to pursue higher studies,Pursue further education,Increased your motivation to join,,,Increased your motivation to join
1001069,George,India - North,5.0,Availability of alternate opportunity to pursue higher studies,Pursue further education,Increased your motivation to join,,,Increased your motivation to join
1001070,George,India - North,4.0,Medical concerns (for self or family),Pursue further education,Did not have an impact on your motivation to join,Did not have an impact on your motivation to join,,Increased your motivation to join
1001071,George,India - North,5.0,Lack of support from family,Pursue further education; Explore other opportunities within the education sector,Increased your motivation to join,,,Increased your motivation to join
1001072,George,India - North,4.0,Availability of alternate opportunity to pursue higher studies; Lack of support from family,Pursue further education,Increased your motivation to join,Did not have an impact on your motivation to join,,Increased your motivation to join
1001073,George,India - North,3.0,Lack of support from family,Pursue further education,,Did not have an impact on your motivation to join,,Increased your motivation to join
1001074,George,India - North,5.0,Medical concerns (for self or family); Relocation concerns,Work with another organisation in the same industry,Increased your motivation to join,Increased your motivation to join,,Increased your motivation to join
1001075,George,India - North,5.0,Lack of support from family,I am not sure yet,Increased your motivation to join,Increased your motivation to join,,Increased your motivation to join
1001076,George,India - North,3.0,Lack of support from family,Continue working with the same organisation,Increased your motivation to join,Increased your motivation to join,,Increased your motivation to join
1001077,George,India - North,5.0,Lack of support from family; Medical concerns (for self or family),I plan to pursue other personal activities,Increased your motivation to join,,,Increased your motivation to join
1001078,George,India - North,5.0,Medical concerns (for self or family),I am not sure yet,Increased your motivation to join,,,
1001079,Ginny,India - South,3.0,Others,Pursue further education,,,,Increased your motivation to join
1001080,Ginny,India - South,5.0,Others,Work with another organisation in the same industry,Increased your motivation to join,Increased your motivation to join,,Increased your motivation to join
1001081,Cedric,India - South,5.0,Commitments due to recent/upcoming marriage,I plan to pursue other personal activities,Increased your motivation to join,,,Increased your motivation to join
1001082,Cedric,India - South,5.0,Concerned about expected stipend; Lack of support from family; Medical concerns (for self or family),Pursue further education,Did not have an impact on your motivation to join,,Decreased your motivation to join,Did not have an impact on your motivation to join
1001083,Cedric,India - South,5.0,Concerned about financial commitments,Continue working with the same organisation,Increased your motivation to join,Increased your motivation to join,,Increased your motivation to join
1001084,Cedric,India - South,3.0,Relocation concerns,I plan to pursue other personal activities,Increased your motivation to join,,,Increased your motivation to join
1001085,Cedric,India - South,5.0,Concerned about financial commitments; Concerned about expected stipend,Continue working with the same organisation,Increased your motivation to join,Increased your motivation to join,,Increased your motivation to join
1001086,Cedric,India - South,3.0,Concerned about expected stipend,I am not sure yet,Increased your motivation to join,Increased your motivation to join,,Increased your motivation to join
1001087,Cedric,India - South,4.0,Relocation concerns,I plan to pursue other personal activities,Increased your motivation to join,Increased your motivation to join,,Increased your motivation to join
1001088,Cedric,India - South,5.0,Lack of support from family; Medical concerns (for self or family); Relocation concerns,I am not sure yet,Increased your motivation to join,Increased your motivation to join,Increased your motivation to join,
1001089,Cedric,India - South,5.0,Concerned about financial commitments,Continue working with the same organisation,Increased your motivation to join,Increased your motivation to join,,Increased your motivation to join
1001090,Cedric,India - South,3.0,Uncertainty about opportunities Post-Fellowship,I plan to pursue other personal activities,Increased your motivation to join,Increased your motivation to join,,Increased your motivation to join
1001091,Cedric,India - South,3.0,Medical concerns (for self or family),I am not sure yet,Increased your motivation to join,Increased your motivation to join,,Increased your motivation to join
1001092,Cedric,India - South,3.0,Inability to join on Institute start date,I am not sure yet,Increased your motivation to join,,,Increased your motivation to join
1001093,Cedric,India - South,5.0,Lack of support from family; Relocation concerns,I plan to pursue other personal activities,Increased your motivation to join,Increased your motivation to join,,Increased your motivation to join
1001094,Cedric,India - South,1.0,Job opportunity in current organization,Continue working with the same organisation,Increased your motivation to join,,,Increased your motivation to join
1001095,Cedric,India - South,,Concerned about financial commitments,I plan to pursue other personal activities,Increased your motivation to join,,,Increased your motivation to join
1001096,Cedric,India - South,3.0,Lack of support from family; Others,Pursue further education,Increased your motivation to join,Increased your motivation to join,,Increased your motivation to join
1001097,Neville,India - South,5.0,Inability to join on Institute start date,I am not sure yet,Increased your motivation to join,Increased your motivation to join,,Increased your motivation to join
1001098,Neville,India - South,3.0,Inability to join on Institute start date,I am not sure yet,Increased your motivation to join,,,Increased your motivation to join
1001099,Neville,India - South,3.0,Lack of support from family,Pursue further education,Increased your motivation to join,Increased your motivation to join,,Increased your motivation to join
1001100,Neville,India - South,5.0,Availability of alternate opportunity to pursue higher studies,Pursue further education,Increased your motivation to join,,,Increased your motivation to join
1001101,Neville,India - South,3.0,Availability of alternate opportunity to pursue higher studies; Relocation concerns,Pursue further education,Increased your motivation to join,Increased your motivation to join,,Increased your motivation to join
1001102,Neville,India - South,5.0,Availability of alternate opportunity to pursue higher studies; Lack of support from family,Pursue further education,Did not have an impact on your motivation to join,,,Did not have an impact on your motivation to join
1001103,Lily,India - South,5.0,Availability of alternate opportunity to pursue higher studies; Different expectations of the Fellowship program,Pursue further education,Increased your motivation to join,Increased your motivation to join,,Increased your motivation to join
1001104,Lily,India - South,4.0,Availability of alternate opportunity to pursue higher studies,Pursue further education,Increased your motivation to join,,,Increased your motivation to join
1001105,Lily,India - South,3.0,Job opportunity in another organization,Work with another organisation in the same industry,Did not have an impact on your motivation to join,,,Increased your motivation to join
1001106,Lily,India - South,5.0,Medical concerns (for self or family),I am not sure yet,Increased your motivation to join,,,Increased your motivation to join
1001107,Lily,India - South,5.0,Availability of alternate opportunity to pursue higher studies,Pursue further education,Increased your motivation to join,,,Increased your motivation to join
1001108,Lily,India - South,4.0,Lack of support from family; Medical concerns (for self or family),I am not sure yet,Increased your motivation to join,,Increased your motivation to join,Increased your motivation to join
1001109,Lily,India - South,5.0,Availability of alternate opportunity to pursue higher studies,Pursue further education,Increased your motivation to join,,,Increased your motivation to join
1001110,Lily,India - South,4.0,Lack of support from family; Medical concerns (for self or family),I plan to pursue other personal activities,Did not have an impact on your motivation to join,Increased your motivation to join,,Increased your motivation to join
1001111,James,India - South,5.0,Commitments due to recent/upcoming marriage,Work with another organisation in the same industry,Increased your motivation to join,Increased your motivation to join,,Increased your motivation to join
1001112,James,India - South,5.0,Concerned about financial commitments,Continue working with the same organisation,Increased your motivation to join,Increased your motivation to join,,Increased your motivation to join
1001113,James,India - South,5.0,Concerned about financial commitments,Explore other opportunities within the education sector,Increased your motivation to join,,,Increased your motivation to join
1001114,James,India - South,5.0,Medical concerns (for self or family); Relocation concerns,Work with another organisation in the same industry,Increased your motivation to join,,,Increased your motivation to join
1001115,James,India - South,5.0,Job opportunity in another organization; Inability to join on Institute start date,Others,Increased your motivation to join,,,Increased your motivation to join
1001116,James,India - South,5.0,Availability of alternate opportunity to pursue higher studies; Lack of support from family,Pursue further education,Increased your motivation to join,Increased your motivation to join,,Increased your motivation to join
1001117,James,India - South,5.0,Lack of support from family; Medical concerns (for self or family),Pursue further education,Increased your motivation to join,,,Increased your motivation to join
1001118,James,India - South,4.0,Inability to leave current job due to professional commitments; Relocation concerns,Continue working with the same organisation,Did not have an impact on your motivation to join,,,Did not have an impact on your motivation to join
1001119,James,India - South,3.0,Medical concerns (for self or family),I plan to pursue other personal activities,Increased your motivation to join,,,Increased your motivation to join
1001120,James,India - South,5.0,Lack of support from family; Medical concerns (for self or family),I am not sure yet,Increased your motivation to join,,,Increased your motivation to join
1001121,James,India - South,3.0,Lack of support from family; Medical concerns (for self or family),I am not sure yet,Increased your motivation to join,,,Increased your motivation to join
1001122,James,India - South,5.0,Lack of support from family,I am not sure yet,Increased your motivation to join,,,Decreased your motivation to join
1001123,James,India - South,4.0,Medical concerns (for self or family),I plan to pursue other personal activities,Increased your motivation to join,,,Increased your motivation to join
1001124,James,India - South,5.0,Concerned about financial commitments,Continue working with the same organisation,,Increased your motivation to join,,Increased your motivation to join
1001125,James,India - South,4.0,Commitments due to recent/upcoming marriage; Medical concerns (for self or family),I plan to pursue other personal activities,Increased your motivation to join,,,Increased your motivation to join
1001126,James,India - South,5.0,Lack of support from family,Continue working with the same organisation,Increased your motivation to join,,,Increased your motivation to join
1001127,James,India - South,5.0,Job opportunity in another organization,Work with another organisation in the same industry,Increased your motivation to join,Increased your motivation to join,,Increased your motivation to join
1001128,James,India - South,4.0,Inability to join on Institute start date,Others,Increased your motivation to join,Increased your motivation to join,,Increased your motivation to join
1001129,James,India - South,5.0,Availability of alternate opportunity to pursue higher studies,Pursue further education,Did not have an impact on your motivation to join,,,Increased your motivation to join
1001130,James,India - South,,Availability of alternate opportunity to pursue higher studies; Medical concerns (for self or family),I plan to pursue other personal activities,Increased your motivation to join,,,Did not have an impact on your motivation to join
1001131,Sirius,India - West,5.0,Job opportunity in another organization,Work with another organisation in the same industry,Increased your motivation to join,Increased your motivation to join,,Increased your motivation to join
1001132,Sirius,India - West,5.0,Availability of alternate opportunity to pursue higher studies,Pursue further education,Increased your motivation to join,,,Increased your motivation to join
1001133,Snape,India - West,5.0,Job opportunity in another organization,Work with another organisation in the same industry,Increased your motivation to join,,,Increased your motivation to join
1001134,Snape,India - West,2.0,Others,I am not sure yet,Increased your motivation to join,Increased your motivation to join,,Increased your motivation to join
1001135,Snape,India - West,3.0,Job opportunity in another organization; Concerned about financial commitments; Relocation concerns; Uncertainty about opportunities Post-Fellowship,I am not sure yet,Increased your motivation to join,Increased your motivation to join,,Increased your motivation to join
1001136,Snape,India - West,2.0,Inability to join on Institute start date,Continue working with the same organisation,Did not have an impact on your motivation to join,Did not have an impact on your motivation to join,Increased your motivation to join,Did not have an impact on your motivation to join
1001137,Snape,India - West,4.0,Uncertainty about possessing skills required to participate in the Fellowship program,I plan to pursue other personal activities,Increased your motivation to join,,Increased your motivation to join,Increased your motivation to join
1001138,Snape,India - West,5.0,Medical concerns (for self or family),I plan to pursue other personal activities,Increased your motivation to join,Increased your motivation to join,Increased your motivation to join,Increased your motivation to join
1001139,Draco,India - West,4.0,Availability of alternate opportunity to pursue higher studies,Pursue further education,Increased your motivation to join,,,Increased your motivation to join
1001140,Draco,India - West,3.0,Availability of alternate opportunity to pursue higher studies,Pursue further education,Increased your motivation to join,Increased your motivation to join,,Increased your motivation to join
1001141,Draco,India - West,5.0,Availability of alternate opportunity to pursue higher studies,Pursue further education,,,,Increased your motivation to join
1001142,Draco,India - West,5.0,Lack of support from family,Continue working with the same organisation,Did not have an impact on your motivation to join,,,Increased your motivation to join
1001143,Draco,India - West,3.0,Commitments due to recent/upcoming marriage; Uncertainty about possessing skills required to participate in the Fellowship program,Explore other opportunities within the education sector,Increased your motivation to join,,,Increased your motivation to join
1001144,Draco,India - West,5.0,Medical concerns (for self or family),I plan to pursue other personal activities,Increased your motivation to join,,,Increased your motivation to join
1001145,Draco,India - West,3.0,Inability to leave current job due to professional commitments,Continue working with the same organisation,Increased your motivation to join,Increased your motivation to join,,Increased your motivation to join
1001146,Draco,India - West,4.0,Lack of support from family,Continue working with the same organisation,Increased your motivation to join,Increased your motivation to join,,Increased your motivation to join
1001147,Draco,India - West,3.0,Inability to leave current job due to professional commitments,Continue working with the same organisation,Increased your motivation to join,,,Increased your motivation to join
1001148,Draco,India - West,5.0,Medical concerns (for self or family); Relocation concerns,Continue working with the same organisation,,,,Increased your motivation to join
1001149,Draco,India - West,4.0,Concerned about financial commitments; Concerned about expected stipend,Continue working with the same organisation,Increased your motivation to join,Increased your motivation to join,,Increased your motivation to join
1001150,Draco,India - West,4.0,Concerned about financial commitments,Continue working with the same organisation,Increased your motivation to join,Increased your motivation to join,,Increased your motivation to join
1001151,Draco,India - West,5.0,Inability to leave current job due to professional commitments; Concerned about financial commitments,Continue working with the same organisation,Increased your motivation to join,Increased your motivation to join,,Increased your motivation to join
1001152,Draco,India - West,5.0,Lack of support from family,Explore other opportunities within the education sector,Increased your motivation to join,,,Increased your motivation to join
1001153,Draco,India - West,5.0,Relocation concerns; Others,Continue working with the same organisation,Increased your motivation to join,Increased your motivation to join,,Increased your motivation to join
1001154,Draco,India - West,5.0,Concerned about financial commitments; Relocation concerns,Continue working with the same organisation,Increased your motivation to join,,,Increased your motivation to join
1001155,Draco,India - West,3.0,Concerned about financial commitments; Medical concerns (for self or family),Continue working with the same organisation,Increased your motivation to join,,,Increased your motivation to join
1001156,Draco,India - West,4.0,Relocation concerns,Explore other opportunities within the education sector,Increased your motivation to join,,,Increased your motivation to join
1001157,Draco,India - West,5.0,Concerned about financial commitments; Concerned about expected stipend; Relocation concerns,Continue working with the same organisation,Increased your motivation to join,Increased your motivation to join,,Increased your motivation to join
1001158,Draco,India - West,3.0,Concerned about financial commitments; Different expectations of the Fellowship program,Continue working with the same organisation; Explore other opportunities within the education sector,,,,Increased your motivation to join
1001159,Draco,India - West,4.0,Commitments due to recent/upcoming marriage,Continue working with the same organisation; I plan to pursue other personal activities,Increased your motivation to join,Increased your motivation to join,,Increased your motivation to join
1001160,Draco,India - West,5.0,Job opportunity in another organization,Continue working with the same organisation,Increased your motivation to join,Increased your motivation to join,,Increased your motivation to join
1001161,Draco,India - West,5.0,Concerned about financial commitments,I am not sure yet,Increased your motivation to join,,,Increased your motivation to join
1001162,Draco,India - West,5.0,Job opportunity in another organization,Work with another organisation in the same industry,Increased your motivation to join,Increased your motivation to join,Increased your motivation to join,Increased your motivation to join
1001163,Sirius,International,,Availability of alternate opportunity to pursue higher studies; Different expectations of the Fellowship program,Pursue further education,,Did not have an impact on your motivation to join,,Increased your motivation to join
